-- phpMyAdmin SQL Dump
-- version 5.1.1
-- https://www.phpmyadmin.net/
--
-- Host: 127.0.0.1
-- Generation Time: Jul 02, 2024 at 12:02 PM
-- Server version: 10.4.28-MariaDB
-- PHP Version: 7.3.33

SET SQL_MODE = "NO_AUTO_VALUE_ON_ZERO";
START TRANSACTION;
SET time_zone = "+00:00";


/*!40101 SET @OLD_CHARACTER_SET_CLIENT=@@CHARACTER_SET_CLIENT */;
/*!40101 SET @OLD_CHARACTER_SET_RESULTS=@@CHARACTER_SET_RESULTS */;
/*!40101 SET @OLD_COLLATION_CONNECTION=@@COLLATION_CONNECTION */;
/*!40101 SET NAMES utf8mb4 */;

--
-- Database: `pustaka`
--

-- --------------------------------------------------------

--
-- Table structure for table `buku`
--

CREATE TABLE `buku` (
  `id` int(11) NOT NULL,
  `judul_buku` varchar(256) NOT NULL,
  `id_kategori` int(11) NOT NULL,
  `pengarang` varchar(128) NOT NULL,
  `penerbit` varchar(128) NOT NULL,
  `tahun_terbit` year(4) NOT NULL,
  `isbn` varchar(64) NOT NULL,
  `stok` int(11) NOT NULL,
  `dipinjam` int(11) NOT NULL,
  `dibooking` int(11) NOT NULL,
  `image` varchar(256) DEFAULT 'book-default-cover.jpg'
) ENGINE=InnoDB DEFAULT CHARSET=utf8mb4 COLLATE=utf8mb4_general_ci;

--
-- Dumping data for table `buku`
--

INSERT INTO `buku` (`id`, `judul_buku`, `id_kategori`, `pengarang`, `penerbit`, `tahun_terbit`, `isbn`, `stok`, `dipinjam`, `dibooking`, `image`) VALUES
(1, 'Statistika Dengan Program Komputer', 1, 'Ahmad Kholiqul Amin', 'Deep Publish', 2016, '9786022809432', 6, 2, 1, 'pro1717529662.jpeg'),
(2, 'Detektif Conan Ep 200', 9, 'Okigawa Sasuke', 'Cultura', 2016, '874387583987', 5, 1, 1, 'pro1717529739.jpeg'),
(3, 'Bahasa Indonesia', 2, 'Umri Nur\'aini dan Indriyani', 'Pusat Perbukuan', 2015, '757254724884', 3, 0, 0, 'pro1719906403.webp'),
(4, 'Komunikasi Lintas Budaya', 5, 'Dr. Dedy Kurnia', 'Published', 2015, '878674646488', 5, 0, 0, 'img1557403156.jpg'),
(5, 'Kolaborasi Codeigniter dan Ajax Dalam Perancangan', 1, 'Anton Subagia', 'Elex Media Komputindo', 2017, '43345356577', 5, 0, 0, 'img1557403502.jpg'),
(6, 'From Hobby to Money', 4, 'Deasylawati', 'Elex Media Komputindo', 2015, '87968686787879', 5, 0, 0, 'img1557403658.jpg'),
(7, 'Buku Saku Pramuka', 8, 'Rudi Himawan', 'Pusat Perbukuan', 2016, '97868687978796', 6, 0, 0, 'img1557404613.jpg'),
(8, 'Rahasia Keajaiban Bumi', 3, 'Nurul Ihsan', 'Luxima', 2014, '565756565768868', 5, 0, 0, 'img1557404689.jpg'),
(10, 'Buku Ajaib', 12, 'Upin', 'Ipin', 2016, '3840804', 3, 2, 2, NULL);

-- --------------------------------------------------------

--
-- Table structure for table `kategori`
--

CREATE TABLE `kategori` (
  `id_kategori` int(11) NOT NULL,
  `nama_kategori` varchar(128) NOT NULL
) ENGINE=InnoDB DEFAULT CHARSET=utf8mb4 COLLATE=utf8mb4_general_ci;

--
-- Dumping data for table `kategori`
--

INSERT INTO `kategori` (`id_kategori`, `nama_kategori`) VALUES
(1, 'Komputer'),
(2, 'Bahasa'),
(3, 'Sains'),
(4, 'Hobby'),
(5, 'Komunikasi'),
(6, 'Hukum'),
(7, 'Agama'),
(8, 'Populer'),
(9, 'Komik'),
(12, 'Sci-Fi'),
(14, 'Horor');

-- --------------------------------------------------------

--
-- Table structure for table `role`
--

CREATE TABLE `role` (
  `id` int(11) NOT NULL,
  `role` varchar(128) NOT NULL
) ENGINE=InnoDB DEFAULT CHARSET=utf8mb4 COLLATE=utf8mb4_general_ci;

--
-- Dumping data for table `role`
--

INSERT INTO `role` (`id`, `role`) VALUES
(1, 'Administrator'),
(2, 'Member');

-- --------------------------------------------------------

--
-- Table structure for table `user`
--

CREATE TABLE `user` (
  `id` int(11) NOT NULL,
  `nama` varchar(128) NOT NULL,
  `email` varchar(128) NOT NULL,
  `image` varchar(128) NOT NULL,
  `password` varchar(256) NOT NULL,
  `role_id` int(11) NOT NULL,
  `is_active` int(1) NOT NULL,
  `tanggal_input` int(11) NOT NULL
) ENGINE=InnoDB DEFAULT CHARSET=utf8mb4 COLLATE=utf8mb4_general_ci;

--
-- Dumping data for table `user`
--

INSERT INTO `user` (`id`, `nama`, `email`, `image`, `password`, `role_id`, `is_active`, `tanggal_input`) VALUES
(1, 'Admin', 'admin@gmail.com', 'pro1717831638.jpg', '$2y$10$5ROA1t4kMw1BR5kIVDxcDu5FP.KOyeUq2MzYjOmTE76cG8kT/qA6q', 1, 1, 1716460816),
(3, 'Denny', 'denny@gmail.com', 'pro1717231116.jpg', '$2y$10$08RrguDMoFebdbF5Fu.i/.ReSo2kaijs5TFKGdLu86XSgHQEY.71i', 2, 1, 1717127742),
(10, 'Conan', 'conan@gmail.com', 'pro1718212910.jpeg', '$2y$10$looJciq4Z0edDkYbnlKd0OmLqJlvg91TIRbbZ2uKamIdR2jg4.wa2', 1, 1, 1718212886);

--
-- Indexes for dumped tables
--

--
-- Indexes for table `buku`
--
ALTER TABLE `buku`
  ADD PRIMARY KEY (`id`);

--
-- Indexes for table `kategori`
--
ALTER TABLE `kategori`
  ADD PRIMARY KEY (`id_kategori`);

--
-- Indexes for table `role`
--
ALTER TABLE `role`
  ADD PRIMARY KEY (`id`);

--
-- Indexes for table `user`
--
ALTER TABLE `user`
  ADD PRIMARY KEY (`id`);

--
-- AUTO_INCREMENT for dumped tables
--

--
-- AUTO_INCREMENT for table `buku`
--
ALTER TABLE `buku`
  MODIFY `id` int(11) NOT NULL AUTO_INCREMENT, AUTO_INCREMENT=14;

--
-- AUTO_INCREMENT for table `kategori`
--
ALTER TABLE `kategori`
  MODIFY `id_kategori` int(11) NOT NULL AUTO_INCREMENT, AUTO_INCREMENT=16;

--
-- AUTO_INCREMENT for table `role`
--
ALTER TABLE `role`
  MODIFY `id` int(11) NOT NULL AUTO_INCREMENT, AUTO_INCREMENT=3;

--
-- AUTO_INCREMENT for table `user`
--
ALTER TABLE `user`
  MODIFY `id` int(11) NOT NULL AUTO_INCREMENT, AUTO_INCREMENT=11;
COMMIT;

/*!40101 SET CHARACTER_SET_CLIENT=@OLD_CHARACTER_SET_CLIENT */;
/*!40101 SET CHARACTER_SET_RESULTS=@OLD_CHARACTER_SET_RESULTS */;
/*!40101 SET COLLATION_CONNECTION=@OLD_COLLATION_CONNECTION */;
